{
    "loss": 1.8836703300476074,
    "accuracy": 0.681034505367279
}